{
  "train_loss": [
    0.9730444782481474,
    0.8417326440250172,
    0.7988606753910289,
    0.731069618954378,
    0.6965136353548835,
    0.6637844935585471,
    0.6206757117439718,
    0.6146286828377667
  ],
  "train_acc": [
    0.6555294117647059,
    0.7463529411764706,
    0.7712941176470588,
    0.8028235294117647,
    0.816,
    0.8348235294117647,
    0.8687058823529412,
    0.859764705882353
  ],
  "val_loss": [
    0.7242599357115594,
    0.74376333151993,
    0.6595432044644105,
    0.6093943119049072,
    0.5868914786138033,
    0.5838377758076316,
    0.5682882792071292,
    0.565087491744443
  ],
  "val_acc": [
    0.837171052631579,
    0.8223684210526315,
    0.868421052631579,
    0.8667763157894737,
    0.8963815789473685,
    0.881578947368421,
    0.9013157894736842,
    0.899671052631579
  ],
  "val_macro_f1": [
    0.8297815024706194,
    0.815890373271333,
    0.8643786110694209,
    0.8624560700907963,
    0.8942951220327007,
    0.8770028451632226,
    0.8984501787794161,
    0.8959403184742141
  ],
  "lr": [
    0.001,
    0.0009619397662556434,
    0.0008535533905932738,
    0.0006913417161825451,
    0.0005000000000000001,
    0.0003086582838174552,
    0.0001464466094067263,
    3.8060233744356646e-05
  ],
  "epoch_seconds": [
    202.83749160000002,
    130.83144019999997,
    134.42943789999998,
    169.98797860000002,
    125.69896289999997,
    181.49533839999992,
    229.87113569999997,
    234.33739289999994
  ]
}