{
  "train_loss": [
    1.0594861026090734,
    0.9264183038823744,
    0.8571473696091596,
    0.7716412260953118,
    0.751926922489615,
    0.7372541831521426,
    0.7168757969351376,
    0.693662461084478,
    0.6700466650794534,
    0.690947978216059
  ],
  "train_acc": [
    0.6127058823529412,
    0.6992941176470588,
    0.7223529411764706,
    0.7821176470588236,
    0.788235294117647,
    0.8089411764705883,
    0.8047058823529412,
    0.8324705882352941,
    0.8334117647058824,
    0.8291764705882353
  ],
  "val_loss": [
    0.9031721933891899,
    0.8321507918207269,
    0.7199664704109493,
    0.6948538179460325,
    0.6690988054400996,
    0.6531057796980205,
    0.6417788471046247,
    0.6479717767552325,
    0.6337817091690866,
    0.6379923091122979
  ],
  "val_acc": [
    0.7236842105263158,
    0.7648026315789473,
    0.8388157894736842,
    0.8388157894736842,
    0.850328947368421,
    0.8536184210526315,
    0.8552631578947368,
    0.8585526315789473,
    0.8552631578947368,
    0.8569078947368421
  ],
  "val_macro_f1": [
    0.7192964236592172,
    0.7602676286019586,
    0.8353932178932179,
    0.8340559869395257,
    0.8460936986937853,
    0.8487835107835108,
    0.8518241245541629,
    0.8538020782978015,
    0.8500933327764104,
    0.8525625763406605
  ],
  "lr": [
    0.001,
    0.0009755282581475768,
    0.0001,
    9.619397662556435e-05,
    8.535533905932738e-05,
    6.91341716182545e-05,
    5e-05,
    3.086582838174551e-05,
    1.4644660940672627e-05,
    3.8060233744356633e-06
  ]
}