{
  "train_loss": [
    1.0503589729982263,
    0.902124018052045,
    0.8352546436646405,
    0.7522644171153798,
    0.7233897903105792,
    0.6964402987536262,
    0.6763424502260544,
    0.663698619702283
  ],
  "train_acc": [
    0.6155294117647059,
    0.7072941176470589,
    0.7383529411764705,
    0.7948235294117647,
    0.8112941176470588,
    0.8334117647058824,
    0.8348235294117647,
    0.843764705882353
  ],
  "val_loss": [
    0.8796249581010718,
    0.8136725770799738,
    0.7047290519664162,
    0.6670460065728739,
    0.6445853365095038,
    0.637378149910977,
    0.6363027872223603,
    0.6321303052337546
  ],
  "val_acc": [
    0.7351973684210527,
    0.7680921052631579,
    0.8305921052631579,
    0.8536184210526315,
    0.8651315789473685,
    0.8651315789473685,
    0.8618421052631579,
    0.8651315789473685
  ],
  "val_macro_f1": [
    0.723646459975743,
    0.7623482761998204,
    0.8252718052950554,
    0.8495895484834349,
    0.8609082613189084,
    0.8615584226484534,
    0.8577716210768267,
    0.8605737624503764
  ],
  "lr": [
    0.001,
    0.0009619397662556434,
    0.0001,
    9.330127018922194e-05,
    7.500000000000001e-05,
    5e-05,
    2.500000000000001e-05,
    6.698729810778065e-06
  ],
  "epoch_seconds": [
    67.3828851,
    39.32121050000001,
    232.70277430000002,
    207.8586697,
    135.32163350000008,
    157.7341371,
    136.3399313,
    125.07762889999981
  ]
}