{
  "train_loss": [
    1.0722182273864747,
    0.937155086517334,
    0.85827407393736,
    0.7937964355244356,
    0.7587852023068596,
    0.7262675910276525,
    0.7094665701249067,
    0.722695701935712
  ],
  "train_acc": [
    0.6028235294117648,
    0.6818823529411765,
    0.7303529411764705,
    0.7689411764705882,
    0.7844705882352941,
    0.7995294117647059,
    0.8112941176470588,
    0.8037647058823529
  ],
  "val_loss": [
    0.8979410089944538,
    0.8396662332509693,
    0.7093553511719954,
    0.6887053690458599,
    0.6547900250083522,
    0.6393672016106153,
    0.6332681610396034,
    0.6333820325763602
  ],
  "val_acc": [
    0.712171052631579,
    0.7368421052631579,
    0.8174342105263158,
    0.837171052631579,
    0.8536184210526315,
    0.8651315789473685,
    0.8618421052631579,
    0.868421052631579
  ],
  "val_macro_f1": [
    0.7002501217339757,
    0.7249505738640244,
    0.811243591610228,
    0.8309282729498837,
    0.847451152172622,
    0.8608041922549865,
    0.8565413341993484,
    0.8630995538456552
  ],
  "lr": [
    0.001,
    0.0009619397662556434,
    0.0001,
    9.330127018922194e-05,
    7.500000000000001e-05,
    5e-05,
    2.500000000000001e-05,
    6.698729810778065e-06
  ],
  "epoch_seconds": [
    68.4239197,
    39.62296620000001,
    148.4356862,
    217.3091657,
    140.8363872,
    128.33901070000002,
    123.88145989999998,
    125.46939730000008
  ]
}