{
  "train_loss": [
    1.2969283798442168
  ],
  "train_acc": [
    0.4244705882352941
  ],
  "val_loss": [
    1.1766238338068913
  ],
  "val_acc": [
    0.537828947368421
  ]
}