{
  "train_loss": [
    1.0034305605607874,
    0.9232461670146269,
    0.8279325058880974,
    0.7780720096195445,
    0.7616085579255047,
    0.7284324422163122,
    0.7080158933471231,
    0.7194782193688786
  ],
  "train_acc": [
    0.6202352941176471,
    0.691764705882353,
    0.7430588235294118,
    0.7665882352941177,
    0.7797647058823529,
    0.808,
    0.8211764705882353,
    0.8192941176470588
  ],
  "val_loss": [
    0.7503422310477809,
    0.7550894100415079,
    0.6879811051644777,
    0.6527427254538787,
    0.6467582708910892,
    0.6371265061591801,
    0.6332175425792995,
    0.6325228120151319
  ],
  "val_acc": [
    0.7911184210526315,
    0.7894736842105263,
    0.8388157894736842,
    0.8421052631578947,
    0.8486842105263158,
    0.8601973684210527,
    0.8601973684210527,
    0.8667763157894737
  ],
  "val_macro_f1": [
    0.7812597247849772,
    0.7821910689620963,
    0.8342228435143506,
    0.8363217505420517,
    0.8426677996767393,
    0.8547670728011824,
    0.8543707898812686,
    0.8614486283616607
  ],
  "lr": [
    0.001,
    0.0009619397662556434,
    0.0001,
    9.330127018922194e-05,
    7.500000000000001e-05,
    5e-05,
    2.500000000000001e-05,
    6.698729810778065e-06
  ],
  "epoch_seconds": [
    52.0507669,
    11.686448299999995,
    38.45465100000001,
    40.67092579999999,
    40.38799879999999,
    42.28668719999996,
    42.262164299999995,
    40.06290199999995
  ]
}