{
  "train_loss": [
    1.1508989916408763,
    0.9704364954724032,
    0.883399660839754,
    0.7831718783659094,
    0.7412906791462618,
    0.6985496897416956,
    0.6620117773168227,
    0.6454723093930412
  ],
  "train_acc": [
    0.5218823529411765,
    0.656,
    0.715764705882353,
    0.784,
    0.7929411764705883,
    0.8188235294117647,
    0.8465882352941176,
    0.8644705882352941
  ],
  "val_loss": [
    0.9365034338675047,
    0.8480597750136727,
    0.740215581498648,
    0.7021177975754989,
    0.6769714927987048,
    0.6216997088570344,
    0.6140944808721542,
    0.6163168541694942
  ],
  "val_acc": [
    0.6759868421052632,
    0.7368421052631579,
    0.8157894736842105,
    0.837171052631579,
    0.8486842105263158,
    0.8782894736842105,
    0.875,
    0.8782894736842105
  ],
  "val_macro_f1": [
    0.6616488200273841,
    0.7269472666824524,
    0.8063092758418293,
    0.8318715325511173,
    0.8449677747491172,
    0.8759644571950116,
    0.8714364555859926,
    0.8751070592485543
  ],
  "lr": [
    0.001,
    0.0009619397662556434,
    0.0001,
    9.330127018922194e-05,
    7.500000000000001e-05,
    5e-05,
    2.500000000000001e-05,
    6.698729810778065e-06
  ],
  "epoch_seconds": [
    27.6156767,
    26.666571700000006,
    66.21959690000001,
    66.31281680000001,
    66.3377729,
    67.02910220000001,
    72.51148039999998,
    65.86067109999999
  ]
}