{
  "train_loss": [
    1.0030678653436549,
    0.8141777099160588,
    0.6904638786035425,
    0.59085935476247,
    0.5350830492973327,
    0.49161402667971216,
    0.4664144158643835,
    0.48625897962906783
  ],
  "train_acc": [
    0.6014117647058823,
    0.6832941176470588,
    0.7312941176470589,
    0.7712941176470588,
    0.7957647058823529,
    0.8009411764705883,
    0.8098823529411765,
    0.804235294117647
  ],
  "val_loss": [
    0.7852954346882669,
    0.6924739629030228,
    0.47108889096661616,
    0.43167326677786677,
    0.3810617617870632,
    0.3596712746902516,
    0.3522537444767199,
    0.34909508200852496
  ],
  "val_acc": [
    0.7138157894736842,
    0.7351973684210527,
    0.8207236842105263,
    0.8453947368421053,
    0.8569078947368421,
    0.8717105263157895,
    0.8733552631578947,
    0.8766447368421053
  ],
  "val_macro_f1": [
    0.7015998492657963,
    0.7225238307972588,
    0.8147957552707621,
    0.8400185055775381,
    0.8515924163673336,
    0.8668230941635198,
    0.8681752113768489,
    0.8725925050239208
  ],
  "lr": [
    0.001,
    0.0009619397662556434,
    0.0001,
    9.330127018922194e-05,
    7.500000000000001e-05,
    5e-05,
    2.500000000000001e-05,
    6.698729810778065e-06
  ],
  "epoch_seconds": [
    71.3284574,
    66.3580082,
    230.99984730000003,
    225.8766875,
    225.36781660000008,
    242.9564537000001,
    239.9798776,
    217.3051286
  ]
}