{
  "train_loss": [
    1.3163279348261216,
    1.2176288158192354,
    1.1627263708675608,
    1.1302006484199973,
    1.072654099520515,
    1.0540385020480436,
    1.0271012657950906,
    1.0209190124904408
  ],
  "train_acc": [
    0.4263529411764706,
    0.4988235294117647,
    0.5237647058823529,
    0.5374117647058824,
    0.579764705882353,
    0.5985882352941176,
    0.6108235294117647,
    0.6164705882352941
  ],
  "val_loss": [
    3.098950627603029,
    1.1742830966648303,
    1.3871051825975116,
    1.1728963522534621,
    1.0031923808549579,
    0.9376196610300165,
    0.9099905130110288,
    0.9059767879937825
  ],
  "val_acc": [
    0.4243421052631579,
    0.5542763157894737,
    0.5411184210526315,
    0.618421052631579,
    0.6743421052631579,
    0.6842105263157895,
    0.6990131578947368,
    0.6924342105263158
  ],
  "lr": [
    0.001,
    0.0009619397662556434,
    0.0008535533905932738,
    0.0006913417161825451,
    0.0005000000000000001,
    0.0003086582838174552,
    0.0001464466094067263,
    3.8060233744356646e-05
  ]
}