{
  "train_loss": [
    1.2969283798442168,
    1.1267736293007347,
    1.0608593872855692
  ],
  "train_acc": [
    0.4244705882352941,
    0.5105882352941177,
    0.5327058823529411
  ],
  "val_loss": [
    1.1766238338068913,
    0.9910943915969447,
    0.8918498268252925
  ],
  "val_acc": [
    0.537828947368421,
    0.5625,
    0.6167763157894737
  ],
  "lr": [
    0.001,
    0.00075,
    0.0002500000000000001
  ]
}