{
  "train_loss": [
    1.0784175057691687,
    0.9408923419503604,
    0.8746787959267112,
    0.7801755732648513,
    0.7391470808421864,
    0.7245255335639504,
    0.6960148829291849,
    0.7093322315216064
  ],
  "train_acc": [
    0.592,
    0.6734117647058824,
    0.7218823529411764,
    0.7727058823529411,
    0.7967058823529412,
    0.8,
    0.8249411764705883,
    0.8131764705882353
  ],
  "val_loss": [
    0.9028547139544236,
    0.8237936465363753,
    0.7118358047384965,
    0.6866517835541776,
    0.6476559701718783,
    0.6302267689453928,
    0.6260009933459131,
    0.6250449332751726
  ],
  "val_acc": [
    0.7401315789473685,
    0.7680921052631579,
    0.8322368421052632,
    0.84375,
    0.8651315789473685,
    0.8700657894736842,
    0.8733552631578947,
    0.8766447368421053
  ],
  "val_macro_f1": [
    0.7258045641342052,
    0.760362451995778,
    0.8261266949972252,
    0.8366190841560288,
    0.8586373270815136,
    0.8659587666401982,
    0.8684210303378247,
    0.8722572310124177
  ],
  "lr": [
    0.001,
    0.0009619397662556434,
    0.0001,
    9.330127018922194e-05,
    7.500000000000001e-05,
    5e-05,
    2.500000000000001e-05,
    6.698729810778065e-06
  ],
  "epoch_seconds": [
    66.7689218,
    62.13421869999999,
    203.10576450000002,
    194.09453710000008,
    215.50260860000003,
    182.30907949999994,
    176.71008349999988,
    178.53973180000003
  ]
}