{
  "train_loss": [
    1.0798348321914673,
    0.9349165267383351,
    0.8668363037950853,
    0.7960004825311549,
    0.7759443563012516,
    0.7548041382957907,
    0.725280513567083,
    0.730558068191304
  ],
  "train_acc": [
    0.5943529411764706,
    0.6705882352941176,
    0.7171764705882353,
    0.7675294117647059,
    0.7675294117647059,
    0.7910588235294118,
    0.8131764705882353,
    0.8018823529411765
  ],
  "val_loss": [
    0.926253406625045,
    0.875586842235766,
    0.7303445950934762,
    0.7089182907029202,
    0.6749804757143322,
    0.6683049954866108,
    0.6514233938957515,
    0.6538588043890501
  ],
  "val_acc": [
    0.712171052631579,
    0.7302631578947368,
    0.8256578947368421,
    0.8453947368421053,
    0.850328947368421,
    0.8552631578947368,
    0.8519736842105263,
    0.8519736842105263
  ],
  "val_macro_f1": [
    0.6894540725353897,
    0.7197862161634414,
    0.8197021800608922,
    0.8393335136120684,
    0.8434278385013679,
    0.8493134284849908,
    0.8455992109790489,
    0.8459665168997245
  ],
  "lr": [
    0.001,
    0.0009619397662556434,
    0.0001,
    9.330127018922194e-05,
    7.500000000000001e-05,
    5e-05,
    2.500000000000001e-05,
    6.698729810778065e-06
  ],
  "epoch_seconds": [
    57.3662415,
    41.92212890000002,
    174.751764,
    188.41871289999995,
    176.05014519999997,
    161.3800478999999,
    191.61624689999996,
    172.43275019999987
  ]
}