{
  "train_loss": [
    1.0534064520106596,
    0.9099517514284919,
    0.8304603506256553,
    0.6859590655495139,
    0.6112042000854716,
    0.5641896620497984,
    0.51985236120224,
    0.5109871282858007
  ],
  "train_acc": [
    0.5901176470588235,
    0.696,
    0.7548235294117647,
    0.8174117647058824,
    0.8611764705882353,
    0.8955294117647059,
    0.9218823529411765,
    0.9204705882352942
  ],
  "val_loss": [
    0.8927052444533298,
    0.8160549182640878,
    0.6445123239567405,
    0.5919645452185681,
    0.5881777084187457,
    0.5375964798425373,
    0.5427480253734087,
    0.5389750529276697
  ],
  "val_acc": [
    0.6990131578947368,
    0.7532894736842105,
    0.8338815789473685,
    0.8930921052631579,
    0.8832236842105263,
    0.9161184210526315,
    0.9194078947368421,
    0.9095394736842105
  ],
  "val_macro_f1": [
    0.6930178658071671,
    0.7505998067705628,
    0.8200238504708384,
    0.8870090294789768,
    0.8799333821445868,
    0.9130014996141641,
    0.9165163149021904,
    0.905437129613331
  ],
  "lr": [
    0.001,
    0.0009619397662556434,
    0.0001,
    9.330127018922194e-05,
    7.500000000000001e-05,
    5e-05,
    2.500000000000001e-05,
    6.698729810778065e-06
  ],
  "epoch_seconds": [
    28.938947399999996,
    28.997569999999996,
    139.4969576,
    113.53869880000002,
    84.1228906,
    98.96525409999992,
    114.2337940000001,
    82.3077614
  ]
}